Hit_ID,Query_ID
lcl|NZ_JACRYS010000010.1_prot_WP_193622015.1_65,lcl|NZ_BBIY01000170.1_prot_WP_042068517.1_1
lcl|NZ_JACRYS010000017.1_prot_WP_193622087.1_203,lcl|NZ_BBIY01000161.1_prot_11
lcl|NZ_JACRYS010000002.1_prot_WP_193621781.1_230,lcl|NZ_BBIY01000156.1_prot_WP_042068494.1_17
lcl|NZ_JACRYS010000001.1_prot_WP_193621726.1_31,lcl|NZ_BBIY01000153.1_prot_21
lcl|NZ_JACRYS010000001.1_prot_WP_193621738.1_42,lcl|NZ_BBIY01000148.1_prot_WP_081931955.1_26
lcl|NZ_JACRYS010000003.1_prot_WP_193621839.1_327,lcl|NZ_BBIY01000146.1_prot_WP_042068475.1_28
lcl|NZ_JACRYS010000003.1_prot_WP_193621833.1_321,lcl|NZ_BBIY01000144.1_prot_WP_042068473.1_30
lcl|NZ_JACRYS010000003.1_prot_WP_193621838.1_326,lcl|NZ_BBIY01000141.1_prot_WP_042068469.1_34
lcl|NZ_JACRYS010000105.1_prot_85,lcl|NZ_BBIY01000137.1_prot_39
lcl|NZ_JACRYS010000005.1_prot_WP_078122896.1_433,lcl|NZ_BBIY01000134.1_prot_WP_042068451.1_44
lcl|NZ_JACRYS010000010.1_prot_WP_193622019.1_69,lcl|NZ_BBIY01000128.1_prot_WP_081931953.1_53
lcl|NZ_JACRYS010000048.1_prot_WP_193622153.1_410,lcl|NZ_BBIY01000126.1_prot_WP_042068431.1_55
lcl|NZ_JACRYS010000048.1_prot_WP_193622154.1_411,lcl|NZ_BBIY01000126.1_prot_56
lcl|NZ_JACRYS010000003.1_prot_WP_193621832.1_320,lcl|NZ_BBIY01000124.1_prot_WP_042068429.1_58
lcl|NZ_JACRYS010000008.1_prot_WP_193621974.1_595,lcl|NZ_BBIY01000119.1_prot_63
lcl|NZ_JACRYS010000007.1_prot_WP_193621949.1_550,lcl|NZ_BBIY01000118.1_prot_64
lcl|NZ_JACRYS010000079.1_prot_WP_193622195.1_606,lcl|NZ_BBIY01000117.1_prot_65
lcl|NZ_JACRYS010000079.1_prot_WP_004995266.1_607,lcl|NZ_BBIY01000117.1_prot_WP_081931951.1_66
lcl|NZ_JACRYS010000079.1_prot_608,lcl|NZ_BBIY01000117.1_prot_67
lcl|NZ_JACRYS010000013.1_prot_WP_193622059.1_164,lcl|NZ_BBIY01000116.1_prot_WP_042068419.1_68
lcl|NZ_JACRYS010000013.1_prot_WP_193622061.1_166,lcl|NZ_BBIY01000114.1_prot_WP_081931950.1_71
lcl|NZ_JACRYS010000013.1_prot_WP_193622062.1_167,lcl|NZ_BBIY01000114.1_prot_WP_081931949.1_72
lcl|NZ_JACRYS010000003.1_prot_WP_193621840.1_328,lcl|NZ_BBIY01000113.1_prot_WP_042068410.1_74
lcl|NZ_JACRYS010000003.1_prot_WP_193621834.1_322,lcl|NZ_BBIY01000110.1_prot_WP_042068404.1_80
lcl|NZ_JACRYS010000003.1_prot_WP_193621835.1_323,lcl|NZ_BBIY01000110.1_prot_WP_042068405.1_81
lcl|NZ_JACRYS010000012.1_prot_WP_193622044.1_128,lcl|NZ_BBIY01000105.1_prot_WP_042068394.1_92
lcl|NZ_JACRYS010000013.1_prot_WP_193622060.1_165,lcl|NZ_BBIY01000104.1_prot_WP_042068392.1_94
lcl|NZ_JACRYS010000005.1_prot_WP_193621905.1_466,lcl|NZ_BBIY01000103.1_prot_WP_042068390.1_96
lcl|NZ_JACRYS010000001.1_prot_WP_193621734.1_39,lcl|NZ_BBIY01000102.1_prot_WP_042068386.1_97
lcl|NZ_JACRYS010000015.1_prot_WP_193622081.1_194,lcl|NZ_BBIY01000102.1_prot_WP_042068389.1_99
lcl|NZ_JACRYS010000002.1_prot_WP_193621775.1_224,lcl|NZ_BBIY01000101.1_prot_WP_042068380.1_100
lcl|NZ_JACRYS010000128.1_prot_WP_004995129.1_160,lcl|NZ_BBIY01000101.1_prot_WP_042068382.1_101
lcl|NZ_JACRYS010000002.1_prot_WP_193621777.1_226,lcl|NZ_BBIY01000100.1_prot_WP_052360418.1_103
lcl|NZ_JACRYS010000051.1_prot_WP_193622160.1_473,lcl|NZ_BBIY01000100.1_prot_WP_042068379.1_104
lcl|NZ_JACRYS010000002.1_prot_WP_193621772.1_220,lcl|NZ_BBIY01000097.1_prot_WP_042068371.1_111
lcl|NZ_JACRYS010000109.1_prot_WP_193622232.1_110,lcl|NZ_BBIY01000092.1_prot_WP_042068356.1_123
lcl|NZ_JACRYS010000014.1_prot_WP_193622077.1_181,lcl|NZ_BBIY01000089.1_prot_133
lcl|NZ_JACRYS010000034.1_prot_WP_193622128.1_342,lcl|NZ_BBIY01000086.1_prot_WP_042068342.1_143
lcl|NZ_JACRYS010000009.1_prot_WP_193622006.1_650,lcl|NZ_BBIY01000084.1_prot_WP_042068340.1_146
lcl|NZ_JACRYS010000024.1_prot_WP_193622111.1_277,lcl|NZ_BBIY01000078.1_prot_WP_042068321.1_163
lcl|NZ_JACRYS010000007.1_prot_WP_193621963.1_565,lcl|NZ_BBIY01000074.1_prot_WP_042068300.1_173
lcl|NZ_JACRYS010000007.1_prot_WP_193621962.1_564,lcl|NZ_BBIY01000074.1_prot_WP_042068301.1_174
lcl|NZ_JACRYS010000007.1_prot_WP_078123152.1_563,lcl|NZ_BBIY01000074.1_prot_WP_042068302.1_175
lcl|NZ_JACRYS010000007.1_prot_WP_193621961.1_562,lcl|NZ_BBIY01000074.1_prot_WP_042068303.1_176
lcl|NZ_JACRYS010000007.1_prot_WP_193621960.1_561,lcl|NZ_BBIY01000074.1_prot_WP_042068305.1_177
lcl|NZ_JACRYS010000002.1_prot_WP_193621801.1_251,lcl|NZ_BBIY01000073.1_prot_179
lcl|NZ_JACRYS010000002.1_prot_WP_193621800.1_250,lcl|NZ_BBIY01000073.1_prot_WP_042068297.1_180
lcl|NZ_JACRYS010000002.1_prot_WP_193621799.1_249,lcl|NZ_BBIY01000073.1_prot_WP_034172400.1_181
lcl|NZ_JACRYS010000037.1_prot_WP_193622131.1_354,lcl|NZ_BBIY01000072.1_prot_WP_042068292.1_183
lcl|NZ_JACRYS010000037.1_prot_WP_004995160.1_353,lcl|NZ_BBIY01000072.1_prot_WP_042068293.1_184
lcl|NZ_JACRYS010000001.1_prot_WP_193621696.1_8,lcl|NZ_BBIY01000072.1_prot_WP_011160481.1_185
lcl|NZ_JACRYS010000007.1_prot_539,lcl|NZ_BBIY01000071.1_prot_WP_041624799.1_188
lcl|NZ_JACRYS010000005.1_prot_WP_078122893.1_430,lcl|NZ_BBIY01000070.1_prot_WP_011160574.1_190
lcl|NZ_JACRYS010000005.1_prot_WP_193621879.1_431,lcl|NZ_BBIY01000070.1_prot_WP_042068285.1_191
lcl|NZ_JACRYS010000005.1_prot_WP_193621880.1_432,lcl|NZ_BBIY01000070.1_prot_WP_042068287.1_192
lcl|NZ_JACRYS010000008.1_prot_WP_193621983.1_604,lcl|NZ_BBIY01000069.1_prot_194
lcl|NZ_JACRYS010000006.1_prot_WP_078122845.1_516,lcl|NZ_BBIY01000066.1_prot_WP_011160622.1_204
lcl|NZ_JACRYS010000006.1_prot_WP_193621936.1_517,lcl|NZ_BBIY01000066.1_prot_WP_042068268.1_205
lcl|NZ_JACRYS010000062.1_prot_WP_193622174.1_522,lcl|NZ_BBIY01000066.1_prot_WP_152550841.1_206
lcl|NZ_JACRYS010000004.1_prot_WP_193621867.1_379,lcl|NZ_BBIY01000065.1_prot_WP_042068264.1_209
lcl|NZ_JACRYS010000004.1_prot_WP_193621858.1_377,lcl|NZ_BBIY01000065.1_prot_WP_042068265.1_211
lcl|NZ_JACRYS010000004.1_prot_WP_193621846.1_362,lcl|NZ_BBIY01000063.1_prot_215
lcl|NZ_JACRYS010000004.1_prot_WP_193621847.1_363,lcl|NZ_BBIY01000063.1_prot_WP_011160502.1_216
lcl|NZ_JACRYS010000015.1_prot_WP_193622078.1_190,lcl|NZ_BBIY01000061.1_prot_WP_011160893.1_220
lcl|NZ_JACRYS010000015.1_prot_WP_193622080.1_193,lcl|NZ_BBIY01000061.1_prot_WP_041624806.1_223
lcl|NZ_JACRYS010000001.1_prot_WP_193621697.1_10,lcl|NZ_BBIY01000058.1_prot_WP_042068238.1_234
lcl|NZ_JACRYS010000055.1_prot_WP_193622165.1_479,lcl|NZ_BBIY01000057.1_prot_WP_081931939.1_240
lcl|NZ_JACRYS010000008.1_prot_WP_193621980.1_601,lcl|NZ_BBIY01000053.1_prot_WP_042068216.1_257
lcl|NZ_JACRYS010000008.1_prot_WP_193621979.1_600,lcl|NZ_BBIY01000053.1_prot_WP_042068218.1_258
lcl|NZ_JACRYS010000008.1_prot_WP_193621978.1_599,lcl|NZ_BBIY01000053.1_prot_WP_042068220.1_259
lcl|NZ_JACRYS010000004.1_prot_WP_193621852.1_368,lcl|NZ_BBIY01000052.1_prot_WP_042068213.1_260
lcl|NZ_JACRYS010000008.1_prot_WP_193621982.1_603,lcl|NZ_BBIY01000049.1_prot_WP_042068201.1_276
lcl|NZ_JACRYS010000008.1_prot_WP_193621981.1_602,lcl|NZ_BBIY01000049.1_prot_WP_011161023.1_277
lcl|NZ_JACRYS010000028.1_prot_WP_004994835.1_289,lcl|NZ_BBIY01000047.1_prot_WP_042068183.1_293
lcl|NZ_JACRYS010000068.1_prot_WP_193622182.1_532,lcl|NZ_BBIY01000047.1_prot_WP_042068184.1_294
lcl|NZ_JACRYS010000009.1_prot_WP_193621991.1_631,lcl|NZ_BBIY01000046.1_prot_WP_042068177.1_299
lcl|NZ_JACRYS010000039.1_prot_WP_193622133.1_357,lcl|NZ_BBIY01000046.1_prot_WP_042068178.1_301
lcl|NZ_JACRYS010000001.1_prot_WP_193621724.1_30,lcl|NZ_BBIY01000046.1_prot_WP_042068179.1_302
lcl|NZ_JACRYS010000011.1_prot_WP_193622029.1_96,lcl|NZ_BBIY01000046.1_prot_WP_042068180.1_303
lcl|NZ_JACRYS010000002.1_prot_WP_193621790.1_240,lcl|NZ_BBIY01000045.1_prot_WP_011160495.1_305
lcl|NZ_JACRYS010000002.1_prot_WP_193621791.1_241,lcl|NZ_BBIY01000045.1_prot_WP_042068169.1_306
lcl|NZ_JACRYS010000004.1_prot_WP_193621849.1_365,lcl|NZ_BBIY01000045.1_prot_WP_042068170.1_308
lcl|NZ_JACRYS010000004.1_prot_WP_193621848.1_364,lcl|NZ_BBIY01000045.1_prot_WP_042068171.1_309
lcl|NZ_JACRYS010000009.1_prot_WP_193621988.1_628,lcl|NZ_BBIY01000044.1_prot_WP_042068161.1_312
lcl|NZ_JACRYS010000003.1_prot_WP_193621816.1_301,lcl|NZ_BBIY01000044.1_prot_WP_042068163.1_314
lcl|NZ_JACRYS010000102.1_prot_WP_193622221.1_79,lcl|NZ_BBIY01000044.1_prot_WP_042068164.1_315
lcl|NZ_JACRYS010000004.1_prot_WP_193621855.1_373,lcl|NZ_BBIY01000042.1_prot_WP_042068146.1_324
lcl|NZ_JACRYS010000008.1_prot_WP_193621977.1_598,lcl|NZ_BBIY01000042.1_prot_WP_042068148.1_325
lcl|NZ_JACRYS010000007.1_prot_541,lcl|NZ_BBIY01000042.1_prot_WP_042068150.1_329
lcl|NZ_JACRYS010000004.1_prot_WP_193621862.1_384,lcl|NZ_BBIY01000041.1_prot_333
lcl|NZ_JACRYS010000004.1_prot_WP_193621869.1_383,lcl|NZ_BBIY01000041.1_prot_WP_152550834.1_334
lcl|NZ_JACRYS010000004.1_prot_WP_193621861.1_381,lcl|NZ_BBIY01000041.1_prot_WP_081931929.1_336
lcl|NZ_JACRYS010000005.1_prot_WP_193621906.1_467,lcl|NZ_BBIY01000040.1_prot_WP_011160869.1_351
lcl|NZ_JACRYS010000004.1_prot_WP_193621868.1_382,lcl|NZ_BBIY01000040.1_prot_WP_011160870.1_352
lcl|NZ_JACRYS010000056.1_prot_WP_193622167.1_481,lcl|NZ_BBIY01000040.1_prot_WP_172642358.1_357
lcl|NZ_JACRYS010000061.1_prot_WP_193622173.1_521,lcl|NZ_BBIY01000039.1_prot_WP_042068123.1_373
lcl|NZ_JACRYS010000004.1_prot_WP_193621851.1_367,lcl|NZ_BBIY01000038.1_prot_WP_011160824.1_380
lcl|NZ_JACRYS010000009.1_prot_WP_193621997.1_639,lcl|NZ_BBIY01000038.1_prot_WP_011160823.1_381
lcl|NZ_JACRYS010000009.1_prot_WP_193622009.1_638,lcl|NZ_BBIY01000038.1_prot_WP_011160822.1_382
lcl|NZ_JACRYS010000009.1_prot_WP_180372455.1_637,lcl|NZ_BBIY01000038.1_prot_WP_011160821.1_383
lcl|NZ_JACRYS010000009.1_prot_WP_193621996.1_636,lcl|NZ_BBIY01000038.1_prot_WP_011160820.1_384
lcl|NZ_JACRYS010000007.1_prot_WP_193621957.1_558,lcl|NZ_BBIY01000038.1_prot_WP_042068110.1_385
lcl|NZ_JACRYS010000007.1_prot_WP_193621956.1_557,lcl|NZ_BBIY01000038.1_prot_WP_042068111.1_386
lcl|NZ_JACRYS010000021.1_prot_WP_193622101.1_264,lcl|NZ_BBIY01000038.1_prot_WP_042068112.1_387
lcl|NZ_JACRYS010000010.1_prot_WP_193622011.1_61,lcl|NZ_BBIY01000038.1_prot_WP_042068113.1_388
lcl|NZ_JACRYS010000097.1_prot_WP_193622216.1_666,lcl|NZ_BBIY01000037.1_prot_WP_042068107.1_390
lcl|NZ_JACRYS010000008.1_prot_WP_193621970.1_590,lcl|NZ_BBIY01000037.1_prot_WP_042068108.1_391
lcl|NZ_JACRYS010000001.1_prot_WP_193621768.1_44,lcl|NZ_BBIY01000036.1_prot_WP_042068099.1_392
lcl|NZ_JACRYS010000016.1_prot_WP_193622085.1_200,lcl|NZ_BBIY01000036.1_prot_WP_042068101.1_393
lcl|NZ_JACRYS010000100.1_prot_76,lcl|NZ_BBIY01000036.1_prot_WP_042068102.1_394
lcl|NZ_JACRYS010000013.1_prot_WP_193622065.1_170,lcl|NZ_BBIY01000036.1_prot_WP_042068103.1_396
lcl|NZ_JACRYS010000050.1_prot_WP_193622158.1_470,lcl|NZ_BBIY01000035.1_prot_WP_042068092.1_401
lcl|NZ_JACRYS010000015.1_prot_195,lcl|NZ_BBIY01000035.1_prot_WP_011161014.1_409
lcl|NZ_JACRYS010000014.1_prot_WP_193622075.1_187,lcl|NZ_BBIY01000035.1_prot_WP_011161016.1_411
lcl|NZ_JACRYS010000014.1_prot_WP_193622076.1_188,lcl|NZ_BBIY01000035.1_prot_WP_011161017.1_412
lcl|NZ_JACRYS010000043.1_prot_395,lcl|NZ_BBIY01000035.1_prot_414
lcl|NZ_JACRYS010000003.1_prot_WP_193621808.1_293,lcl|NZ_BBIY01000034.1_prot_WP_042068083.1_417
lcl|NZ_JACRYS010000086.1_prot_WP_193622202.1_619,lcl|NZ_BBIY01000034.1_prot_WP_042068084.1_418
lcl|NZ_JACRYS010000004.1_prot_WP_078123060.1_369,lcl|NZ_BBIY01000034.1_prot_WP_042068086.1_420
lcl|NZ_JACRYS010000002.1_prot_WP_193621792.1_242,lcl|NZ_BBIY01000034.1_prot_WP_042068087.1_421
lcl|NZ_JACRYS010000002.1_prot_WP_193621793.1_243,lcl|NZ_BBIY01000034.1_prot_WP_042068088.1_422
lcl|NZ_JACRYS010000007.1_prot_WP_193621953.1_554,lcl|NZ_BBIY01000033.1_prot_WP_042068075.1_433
lcl|NZ_JACRYS010000038.1_prot_WP_193622132.1_355,lcl|NZ_BBIY01000033.1_prot_WP_042068077.1_434
lcl|NZ_JACRYS010000003.1_prot_WP_193621823.1_309,lcl|NZ_BBIY01000032.1_prot_WP_042068059.1_443
lcl|NZ_JACRYS010000003.1_prot_WP_193621825.1_311,lcl|NZ_BBIY01000032.1_prot_WP_172642350.1_444
lcl|NZ_JACRYS010000011.1_prot_WP_193622031.1_98,lcl|NZ_BBIY01000032.1_prot_WP_011161060.1_445
lcl|NZ_JACRYS010000011.1_prot_WP_193622032.1_99,lcl|NZ_BBIY01000032.1_prot_446
lcl|NZ_JACRYS010000009.1_prot_WP_193621989.1_629,lcl|NZ_BBIY01000032.1_prot_WP_042068060.1_447
lcl|NZ_JACRYS010000052.1_prot_474,lcl|NZ_BBIY01000032.1_prot_WP_042068061.1_449
lcl|NZ_JACRYS010000003.1_prot_WP_193621837.1_325,lcl|NZ_BBIY01000032.1_prot_458
lcl|NZ_JACRYS010000005.1_prot_WP_193621881.1_434,lcl|NZ_BBIY01000031.1_prot_WP_042068022.1_459
lcl|NZ_JACRYS010000005.1_prot_WP_193621882.1_435,lcl|NZ_BBIY01000031.1_prot_WP_011412797.1_460
lcl|NZ_JACRYS010000005.1_prot_WP_078122899.1_436,lcl|NZ_BBIY01000031.1_prot_WP_024563686.1_461
lcl|NZ_JACRYS010000005.1_prot_WP_193621883.1_437,lcl|NZ_BBIY01000031.1_prot_WP_042068025.1_462
lcl|NZ_JACRYS010000005.1_prot_WP_078122901.1_438,lcl|NZ_BBIY01000031.1_prot_WP_011160582.1_463
lcl|NZ_JACRYS010000005.1_prot_WP_193621884.1_439,lcl|NZ_BBIY01000031.1_prot_WP_042068026.1_464
lcl|NZ_JACRYS010000005.1_prot_WP_193621885.1_440,lcl|NZ_BBIY01000031.1_prot_WP_172642348.1_465
lcl|NZ_JACRYS010000005.1_prot_WP_078122904.1_441,lcl|NZ_BBIY01000031.1_prot_WP_011160585.1_466
lcl|NZ_JACRYS010000005.1_prot_WP_193621886.1_442,lcl|NZ_BBIY01000031.1_prot_WP_042068028.1_467
lcl|NZ_JACRYS010000005.1_prot_WP_193621887.1_443,lcl|NZ_BBIY01000031.1_prot_WP_042068029.1_468
lcl|NZ_JACRYS010000005.1_prot_WP_193621888.1_444,lcl|NZ_BBIY01000031.1_prot_WP_011160588.1_469
lcl|NZ_JACRYS010000005.1_prot_WP_078122907.1_445,lcl|NZ_BBIY01000031.1_prot_WP_011412787.1_470
lcl|NZ_JACRYS010000005.1_prot_WP_193621889.1_446,lcl|NZ_BBIY01000031.1_prot_WP_042068030.1_471
lcl|NZ_JACRYS010000005.1_prot_WP_078122909.1_447,lcl|NZ_BBIY01000031.1_prot_WP_042068032.1_472
lcl|NZ_JACRYS010000005.1_prot_WP_193621890.1_448,lcl|NZ_BBIY01000031.1_prot_WP_042068033.1_473
lcl|NZ_JACRYS010000005.1_prot_WP_193621891.1_449,lcl|NZ_BBIY01000031.1_prot_WP_042068034.1_474
lcl|NZ_JACRYS010000005.1_prot_WP_193621892.1_450,lcl|NZ_BBIY01000031.1_prot_WP_042068035.1_475
lcl|NZ_JACRYS010000005.1_prot_WP_193621893.1_451,lcl|NZ_BBIY01000031.1_prot_WP_042068036.1_476
lcl|NZ_JACRYS010000044.1_prot_WP_193622144.1_400,lcl|NZ_BBIY01000031.1_prot_WP_042068037.1_477
lcl|NZ_JACRYS010000005.1_prot_WP_193621894.1_452,lcl|NZ_BBIY01000031.1_prot_WP_042068038.1_478
lcl|NZ_JACRYS010000005.1_prot_WP_078122915.1_453,lcl|NZ_BBIY01000031.1_prot_WP_011160598.1_479
lcl|NZ_JACRYS010000005.1_prot_WP_078122916.1_454,lcl|NZ_BBIY01000031.1_prot_WP_011160599.1_480
lcl|NZ_JACRYS010000005.1_prot_WP_193621895.1_455,lcl|NZ_BBIY01000031.1_prot_WP_042068039.1_481
lcl|NZ_JACRYS010000005.1_prot_WP_078122918.1_456,lcl|NZ_BBIY01000031.1_prot_WP_042068040.1_482
lcl|NZ_JACRYS010000005.1_prot_WP_193621896.1_457,lcl|NZ_BBIY01000031.1_prot_WP_042068041.1_483
lcl|NZ_JACRYS010000005.1_prot_WP_193621897.1_458,lcl|NZ_BBIY01000031.1_prot_WP_011160603.1_484
lcl|NZ_JACRYS010000005.1_prot_WP_193621901.1_462,lcl|NZ_BBIY01000031.1_prot_WP_011160605.1_486
lcl|NZ_JACRYS010000005.1_prot_WP_193621902.1_463,lcl|NZ_BBIY01000031.1_prot_WP_011160606.1_487
lcl|NZ_JACRYS010000005.1_prot_WP_193621903.1_464,lcl|NZ_BBIY01000031.1_prot_WP_042068042.1_488
lcl|NZ_JACRYS010000005.1_prot_WP_193621904.1_465,lcl|NZ_BBIY01000031.1_prot_WP_042068043.1_489
lcl|NZ_JACRYS010000076.1_prot_WP_004994742.1_579,lcl|NZ_BBIY01000031.1_prot_WP_081931918.1_493
lcl|NZ_JACRYS010000013.1_prot_WP_193622068.1_173,lcl|NZ_BBIY01000031.1_prot_WP_042068046.1_494
lcl|NZ_JACRYS010000002.1_prot_WP_193621802.1_252,lcl|NZ_BBIY01000031.1_prot_WP_042068051.1_496
lcl|NZ_JACRYS010000063.1_prot_WP_193622175.1_523,lcl|NZ_BBIY01000031.1_prot_WP_042068048.1_497
lcl|NZ_JACRYS010000002.1_prot_WP_193621804.1_254,lcl|NZ_BBIY01000031.1_prot_WP_042068049.1_498
lcl|NZ_JACRYS010000002.1_prot_WP_193621805.1_255,lcl|NZ_BBIY01000031.1_prot_WP_011160617.1_499
lcl|NZ_JACRYS010000049.1_prot_WP_193622157.1_415,lcl|NZ_BBIY01000031.1_prot_WP_172642347.1_500
lcl|NZ_JACRYS010000049.1_prot_WP_004995055.1_416,lcl|NZ_BBIY01000031.1_prot_WP_011160619.1_502
lcl|NZ_JACRYS010000007.1_prot_WP_193621954.1_555,lcl|NZ_BBIY01000031.1_prot_WP_052360398.1_503
lcl|NZ_JACRYS010000012.1_prot_WP_193622045.1_129,lcl|NZ_BBIY01000030.1_prot_WP_042068010.1_504
lcl|NZ_JACRYS010000045.1_prot_WP_193622145.1_401,lcl|NZ_BBIY01000030.1_prot_WP_042068012.1_505
lcl|NZ_JACRYS010000009.1_prot_WP_193622004.1_646,lcl|NZ_BBIY01000030.1_prot_WP_042068013.1_506
lcl|NZ_JACRYS010000003.1_prot_WP_193621841.1_304,lcl|NZ_BBIY01000030.1_prot_WP_042068015.1_508
lcl|NZ_JACRYS010000003.1_prot_WP_193621818.1_303,lcl|NZ_BBIY01000030.1_prot_WP_042068016.1_509
lcl|NZ_JACRYS010000084.1_prot_WP_193622201.1_616,lcl|NZ_BBIY01000030.1_prot_WP_052360392.1_510
lcl|NZ_JACRYS010000028.1_prot_WP_193622118.1_288,lcl|NZ_BBIY01000030.1_prot_WP_052360395.1_513
lcl|NZ_JACRYS010000003.1_prot_WP_193621820.1_306,lcl|NZ_BBIY01000030.1_prot_WP_042068018.1_514
lcl|NZ_JACRYS010000003.1_prot_WP_193621819.1_305,lcl|NZ_BBIY01000030.1_prot_WP_042068019.1_515
lcl|NZ_JACRYS010000005.1_prot_WP_193621898.1_459,lcl|NZ_BBIY01000029.1_prot_WP_042068005.1_525
lcl|NZ_JACRYS010000005.1_prot_WP_193621899.1_460,lcl|NZ_BBIY01000029.1_prot_WP_042068006.1_526
lcl|NZ_JACRYS010000005.1_prot_WP_193621900.1_461,lcl|NZ_BBIY01000029.1_prot_WP_172642343.1_527
lcl|NZ_JACRYS010000037.1_prot_WP_193622130.1_352,lcl|NZ_BBIY01000029.1_prot_WP_042068007.1_528
lcl|NZ_JACRYS010000001.1_prot_WP_193621742.1_45,lcl|NZ_BBIY01000029.1_prot_WP_042068008.1_529
lcl|NZ_JACRYS010000017.1_prot_202,lcl|NZ_BBIY01000028.1_prot_WP_172642342.1_543
lcl|NZ_JACRYS010000008.1_prot_WP_193621969.1_589,lcl|NZ_BBIY01000027.1_prot_WP_042067958.1_550
lcl|NZ_JACRYS010000008.1_prot_WP_193621971.1_591,lcl|NZ_BBIY01000027.1_prot_WP_042067959.1_551
lcl|NZ_JACRYS010000124.1_prot_WP_193622245.1_152,lcl|NZ_BBIY01000027.1_prot_556
lcl|NZ_JACRYS010000120.1_prot_WP_193622239.1_144,lcl|NZ_BBIY01000027.1_prot_WP_042067967.1_563
lcl|NZ_JACRYS010000006.1_prot_WP_193621914.1_493,lcl|NZ_BBIY01000026.1_prot_WP_042067947.1_567
lcl|NZ_JACRYS010000006.1_prot_WP_193621913.1_492,lcl|NZ_BBIY01000026.1_prot_WP_042067948.1_568
lcl|NZ_JACRYS010000006.1_prot_WP_193621912.1_491,lcl|NZ_BBIY01000026.1_prot_WP_042067949.1_569
lcl|NZ_JACRYS010000003.1_prot_WP_193621824.1_310,lcl|NZ_BBIY01000026.1_prot_WP_011160512.1_570
lcl|NZ_JACRYS010000023.1_prot_WP_193622104.1_270,lcl|NZ_BBIY01000026.1_prot_WP_011160511.1_571
lcl|NZ_JACRYS010000023.1_prot_WP_078122979.1_269,lcl|NZ_BBIY01000026.1_prot_WP_042067950.1_572
lcl|NZ_JACRYS010000003.1_prot_WP_193621815.1_300,lcl|NZ_BBIY01000026.1_prot_WP_042067952.1_576
lcl|NZ_JACRYS010000003.1_prot_WP_193621814.1_299,lcl|NZ_BBIY01000026.1_prot_WP_042067953.1_577
lcl|NZ_JACRYS010000004.1_prot_WP_193621864.1_360,lcl|NZ_BBIY01000026.1_prot_WP_042067954.1_578
lcl|NZ_JACRYS010000001.1_prot_WP_193621710.1_21,lcl|NZ_BBIY01000025.1_prot_WP_042067918.1_580
lcl|NZ_JACRYS010000009.1_prot_WP_193622005.1_649,lcl|NZ_BBIY01000025.1_prot_WP_041624676.1_581
lcl|NZ_JACRYS010000001.1_prot_WP_193621752.1_52,lcl|NZ_BBIY01000025.1_prot_WP_042067926.1_582
lcl|NZ_JACRYS010000001.1_prot_WP_193621709.1_20,lcl|NZ_BBIY01000025.1_prot_WP_042067931.1_583
lcl|NZ_JACRYS010000031.1_prot_WP_004995286.1_332,lcl|NZ_BBIY01000025.1_prot_WP_052360389.1_584
lcl|NZ_JACRYS010000001.1_prot_WP_193621706.1_18,lcl|NZ_BBIY01000025.1_prot_WP_042067933.1_586
lcl|NZ_JACRYS010000108.1_prot_WP_193622230.1_90,lcl|NZ_BBIY01000025.1_prot_WP_172642340.1_588
lcl|NZ_JACRYS010000003.1_prot_WP_193621809.1_294,lcl|NZ_BBIY01000025.1_prot_WP_042067937.1_589
lcl|NZ_JACRYS010000009.1_prot_WP_193621994.1_634,lcl|NZ_BBIY01000025.1_prot_WP_042067938.1_590
lcl|NZ_JACRYS010000006.1_prot_WP_193621915.1_494,lcl|NZ_BBIY01000025.1_prot_WP_042067942.1_593
lcl|NZ_JACRYS010000001.1_prot_WP_193621699.1_13,lcl|NZ_BBIY01000023.1_prot_WP_042067898.1_604
lcl|NZ_JACRYS010000001.1_prot_WP_193621700.1_14,lcl|NZ_BBIY01000023.1_prot_WP_042067900.1_605
lcl|NZ_JACRYS010000046.1_prot_WP_193622148.1_405,lcl|NZ_BBIY01000023.1_prot_WP_011160539.1_606
lcl|NZ_JACRYS010000009.1_prot_WP_193622002.1_644,lcl|NZ_BBIY01000023.1_prot_WP_011160538.1_607
lcl|NZ_JACRYS010000088.1_prot_WP_193622205.1_623,lcl|NZ_BBIY01000023.1_prot_WP_011160537.1_608
lcl|NZ_JACRYS010000011.1_prot_WP_193622034.1_101,lcl|NZ_BBIY01000023.1_prot_WP_042067902.1_611
lcl|NZ_JACRYS010000019.1_prot_WP_193622094.1_215,lcl|NZ_BBIY01000022.1_prot_WP_042067884.1_615
lcl|NZ_JACRYS010000014.1_prot_WP_193622073.1_185,lcl|NZ_BBIY01000022.1_prot_WP_042067887.1_616
lcl|NZ_JACRYS010000001.1_prot_WP_193621716.1_25,lcl|NZ_BBIY01000022.1_prot_WP_042067890.1_617
lcl|NZ_JACRYS010000019.1_prot_WP_193622093.1_214,lcl|NZ_BBIY01000022.1_prot_WP_011160982.1_618
lcl|NZ_JACRYS010000009.1_prot_WP_193622001.1_643,lcl|NZ_BBIY01000022.1_prot_WP_011160980.1_620
lcl|NZ_JACRYS010000009.1_prot_WP_193622000.1_642,lcl|NZ_BBIY01000022.1_prot_WP_041624847.1_621
lcl|NZ_JACRYS010000013.1_prot_WP_193622057.1_162,lcl|NZ_BBIY01000022.1_prot_WP_011160978.1_622
lcl|NZ_JACRYS010000013.1_prot_WP_193622058.1_163,lcl|NZ_BBIY01000022.1_prot_WP_011160977.1_623
lcl|NZ_JACRYS010000001.1_prot_WP_193621740.1_43,lcl|NZ_BBIY01000020.1_prot_WP_042067827.1_642
lcl|NZ_JACRYS010000001.1_prot_WP_193621735.1_40,lcl|NZ_BBIY01000019.1_prot_WP_052360386.1_652
lcl|NZ_JACRYS010000001.1_prot_WP_193621737.1_41,lcl|NZ_BBIY01000019.1_prot_WP_042067822.1_653
lcl|NZ_JACRYS010000114.1_prot_118,lcl|NZ_BBIY01000018.1_prot_654
lcl|NZ_JACRYS010000011.1_prot_WP_193622037.1_105,lcl|NZ_BBIY01000018.1_prot_WP_042067798.1_655
lcl|NZ_JACRYS010000011.1_prot_WP_193622038.1_106,lcl|NZ_BBIY01000018.1_prot_WP_042067800.1_656
lcl|NZ_JACRYS010000007.1_prot_WP_193621946.1_543,lcl|NZ_BBIY01000018.1_prot_WP_042067807.1_659
lcl|NZ_JACRYS010000007.1_prot_544,lcl|NZ_BBIY01000018.1_prot_661
lcl|NZ_JACRYS010000011.1_prot_WP_193622036.1_103,lcl|NZ_BBIY01000017.1_prot_WP_011160849.1_669
lcl|NZ_JACRYS010000011.1_prot_WP_193622042.1_104,lcl|NZ_BBIY01000017.1_prot_670
lcl|NZ_JACRYS010000010.1_prot_WP_193622017.1_67,lcl|NZ_BBIY01000016.1_prot_WP_042067754.1_671
lcl|NZ_JACRYS010000010.1_prot_WP_193622016.1_66,lcl|NZ_BBIY01000016.1_prot_WP_042067756.1_672
lcl|NZ_JACRYS010000001.1_prot_WP_193621694.1_6,lcl|NZ_BBIY01000016.1_prot_WP_042067758.1_673
lcl|NZ_JACRYS010000006.1_prot_WP_193621931.1_510,lcl|NZ_BBIY01000016.1_prot_WP_042067761.1_674
lcl|NZ_JACRYS010000006.1_prot_WP_193621929.1_508,lcl|NZ_BBIY01000016.1_prot_WP_042067762.1_675
lcl|NZ_JACRYS010000006.1_prot_WP_193621928.1_507,lcl|NZ_BBIY01000016.1_prot_WP_042067765.1_676
lcl|NZ_JACRYS010000006.1_prot_WP_193621927.1_506,lcl|NZ_BBIY01000016.1_prot_WP_011160636.1_677
lcl|NZ_JACRYS010000006.1_prot_WP_193621926.1_505,lcl|NZ_BBIY01000016.1_prot_WP_042067767.1_678
lcl|NZ_JACRYS010000006.1_prot_WP_193621925.1_504,lcl|NZ_BBIY01000016.1_prot_WP_042067769.1_679
lcl|NZ_JACRYS010000006.1_prot_WP_193621924.1_503,lcl|NZ_BBIY01000016.1_prot_WP_042067771.1_680
lcl|NZ_JACRYS010000006.1_prot_WP_193621923.1_502,lcl|NZ_BBIY01000016.1_prot_WP_042067772.1_681
lcl|NZ_JACRYS010000006.1_prot_WP_193621922.1_501,lcl|NZ_BBIY01000016.1_prot_WP_034172138.1_682
lcl|NZ_JACRYS010000006.1_prot_WP_193621921.1_500,lcl|NZ_BBIY01000016.1_prot_WP_042067774.1_683
lcl|NZ_JACRYS010000036.1_prot_WP_193622129.1_347,lcl|NZ_BBIY01000016.1_prot_WP_042067777.1_684
lcl|NZ_JACRYS010000006.1_prot_WP_193621919.1_498,lcl|NZ_BBIY01000016.1_prot_WP_042067780.1_685
lcl|NZ_JACRYS010000036.1_prot_WP_082396465.1_349,lcl|NZ_BBIY01000016.1_prot_WP_011160627.1_686
lcl|NZ_JACRYS010000006.1_prot_WP_193621917.1_496,lcl|NZ_BBIY01000016.1_prot_WP_042067782.1_687
lcl|NZ_JACRYS010000006.1_prot_WP_193621916.1_495,lcl|NZ_BBIY01000016.1_prot_WP_052360384.1_688
lcl|NZ_JACRYS010000001.1_prot_WP_193621754.1_53,lcl|NZ_BBIY01000016.1_prot_WP_042067788.1_689
lcl|NZ_JACRYS010000002.1_prot_WP_193621798.1_248,lcl|NZ_BBIY01000015.1_prot_WP_052360382.1_690
lcl|NZ_JACRYS010000010.1_prot_WP_193622018.1_68,lcl|NZ_BBIY01000015.1_prot_693
lcl|NZ_JACRYS010000002.1_prot_WP_193621780.1_229,lcl|NZ_BBIY01000014.1_prot_WP_172642332.1_695
lcl|NZ_JACRYS010000002.1_prot_WP_193621778.1_227,lcl|NZ_BBIY01000014.1_prot_WP_042067739.1_697
lcl|NZ_JACRYS010000001.1_prot_WP_193621729.1_35,lcl|NZ_BBIY01000013.1_prot_WP_081931910.1_698
lcl|NZ_JACRYS010000001.1_prot_WP_193621731.1_37,lcl|NZ_BBIY01000013.1_prot_WP_011160952.1_699
lcl|NZ_JACRYS010000001.1_prot_WP_193621732.1_38,lcl|NZ_BBIY01000013.1_prot_WP_011160954.1_701
lcl|NZ_JACRYS010000019.1_prot_WP_193622092.1_213,lcl|NZ_BBIY01000013.1_prot_WP_011160955.1_702
lcl|NZ_JACRYS010000002.1_prot_WP_193621782.1_231,lcl|NZ_BBIY01000013.1_prot_WP_042067733.1_703
lcl|NZ_JACRYS010000018.1_prot_WP_193622091.1_211,lcl|NZ_BBIY01000012.1_prot_WP_011160944.1_704
lcl|NZ_JACRYS010000001.1_prot_WP_193621745.1_47,lcl|NZ_BBIY01000012.1_prot_WP_011160945.1_705
lcl|NZ_JACRYS010000001.1_prot_WP_193621744.1_46,lcl|NZ_BBIY01000012.1_prot_WP_042067720.1_706
lcl|NZ_JACRYS010000001.1_prot_WP_193621766.1_32,lcl|NZ_BBIY01000012.1_prot_WP_042067726.1_708
lcl|NZ_JACRYS010000001.1_prot_WP_193621727.1_33,lcl|NZ_BBIY01000012.1_prot_WP_011160950.1_709
lcl|NZ_JACRYS010000001.1_prot_WP_193621759.1_56,lcl|NZ_BBIY01000011.1_prot_WP_042067712.1_710
lcl|NZ_JACRYS010000008.1_prot_WP_193621968.1_588,lcl|NZ_BBIY01000011.1_prot_WP_050707730.1_711
lcl|NZ_JACRYS010000004.1_prot_WP_193621853.1_370,lcl|NZ_BBIY01000010.1_prot_WP_042067701.1_724
lcl|NZ_JACRYS010000001.1_prot_WP_193621755.1_54,lcl|NZ_BBIY01000010.1_prot_WP_042067705.1_725
lcl|NZ_JACRYS010000005.1_prot_WP_193621873.1_422,lcl|NZ_BBIY01000009.1_prot_WP_034172419.1_733
lcl|NZ_JACRYS010000026.1_prot_WP_193622113.1_280,lcl|NZ_BBIY01000009.1_prot_WP_052360378.1_734
lcl|NZ_JACRYS010000005.1_prot_WP_193621874.1_424,lcl|NZ_BBIY01000009.1_prot_WP_042067674.1_735
lcl|NZ_JACRYS010000011.1_prot_WP_193622039.1_107,lcl|NZ_BBIY01000009.1_prot_WP_042067687.1_740
lcl|NZ_JACRYS010000041.1_prot_WP_193622137.1_391,lcl|NZ_BBIY01000009.1_prot_WP_011160926.1_744
lcl|NZ_JACRYS010000007.1_prot_WP_193621943.1_538,lcl|NZ_BBIY01000009.1_prot_WP_011160924.1_746
lcl|NZ_JACRYS010000007.1_prot_545,lcl|NZ_BBIY01000009.1_prot_WP_152550819.1_747
lcl|NZ_JACRYS010000007.1_prot_WP_193621945.1_542,lcl|NZ_BBIY01000007.1_prot_WP_011160415.1_767
lcl|NZ_JACRYS010000003.1_prot_WP_193621836.1_324,lcl|NZ_BBIY01000006.1_prot_WP_042067637.1_775
lcl|NZ_JACRYS010000003.1_prot_WP_193621811.1_296,lcl|NZ_BBIY01000006.1_prot_WP_042067639.1_776
lcl|NZ_JACRYS010000066.1_prot_WP_193622179.1_527,lcl|NZ_BBIY01000005.1_prot_787
lcl|NZ_JACRYS010000006.1_prot_WP_193621932.1_511,lcl|NZ_BBIY01000004.1_prot_WP_081931904.1_788
lcl|NZ_JACRYS010000002.1_prot_WP_193621789.1_239,lcl|NZ_BBIY01000004.1_prot_WP_042067572.1_789
lcl|NZ_JACRYS010000002.1_prot_WP_193621788.1_238,lcl|NZ_BBIY01000004.1_prot_WP_042067576.1_791
lcl|NZ_JACRYS010000002.1_prot_WP_193621787.1_237,lcl|NZ_BBIY01000004.1_prot_WP_042067578.1_792
lcl|NZ_JACRYS010000002.1_prot_WP_193621786.1_236,lcl|NZ_BBIY01000004.1_prot_WP_042067579.1_793
lcl|NZ_JACRYS010000002.1_prot_WP_193621785.1_235,lcl|NZ_BBIY01000004.1_prot_WP_052360371.1_794
lcl|NZ_JACRYS010000002.1_prot_WP_193621784.1_234,lcl|NZ_BBIY01000004.1_prot_WP_042067583.1_795
lcl|NZ_JACRYS010000002.1_prot_WP_193621783.1_233,lcl|NZ_BBIY01000004.1_prot_WP_042067585.1_796
lcl|NZ_JACRYS010000002.1_prot_WP_193621807.1_232,lcl|NZ_BBIY01000004.1_prot_WP_011161096.1_797
lcl|NZ_JACRYS010000010.1_prot_WP_193622023.1_74,lcl|NZ_BBIY01000004.1_prot_WP_011160376.1_798
lcl|NZ_JACRYS010000010.1_prot_WP_193622022.1_73,lcl|NZ_BBIY01000004.1_prot_WP_042067588.1_799
lcl|NZ_JACRYS010000012.1_prot_WP_193622047.1_131,lcl|NZ_BBIY01000004.1_prot_WP_034172155.1_810
lcl|NZ_JACRYS010000012.1_prot_WP_193622048.1_132,lcl|NZ_BBIY01000004.1_prot_WP_042067611.1_811
lcl|NZ_JACRYS010000012.1_prot_WP_193622054.1_133,lcl|NZ_BBIY01000004.1_prot_WP_011160386.1_812
lcl|NZ_JACRYS010000012.1_prot_WP_193622055.1_134,lcl|NZ_BBIY01000004.1_prot_WP_042067613.1_813
lcl|NZ_JACRYS010000012.1_prot_WP_193622049.1_135,lcl|NZ_BBIY01000004.1_prot_WP_042067615.1_814
lcl|NZ_JACRYS010000012.1_prot_WP_193622051.1_137,lcl|NZ_BBIY01000004.1_prot_WP_081931903.1_816
lcl|NZ_JACRYS010000012.1_prot_WP_193622052.1_138,lcl|NZ_BBIY01000004.1_prot_817
lcl|NZ_JACRYS010000001.1_prot_WP_193621748.1_48,lcl|NZ_BBIY01000004.1_prot_WP_042067621.1_818
lcl|NZ_JACRYS010000001.1_prot_WP_193621769.1_49,lcl|NZ_BBIY01000004.1_prot_WP_042067623.1_819
lcl|NZ_JACRYS010000012.1_prot_WP_193622043.1_127,lcl|NZ_BBIY01000003.1_prot_WP_042067552.1_822
lcl|NZ_JACRYS010000012.1_prot_126,lcl|NZ_BBIY01000003.1_prot_WP_042067554.1_823
lcl|NZ_JACRYS010000020.1_prot_WP_193622099.1_261,lcl|NZ_BBIY01000003.1_prot_WP_011161073.1_824
lcl|NZ_JACRYS010000073.1_prot_WP_004995240.1_573,lcl|NZ_BBIY01000003.1_prot_WP_011161074.1_825
lcl|NZ_JACRYS010000020.1_prot_WP_193622097.1_259,lcl|NZ_BBIY01000003.1_prot_WP_011161075.1_826
lcl|NZ_JACRYS010000005.1_prot_WP_193621878.1_429,lcl|NZ_BBIY01000003.1_prot_WP_042067557.1_828
lcl|NZ_JACRYS010000005.1_prot_WP_193621877.1_428,lcl|NZ_BBIY01000003.1_prot_WP_042067559.1_829
lcl|NZ_JACRYS010000005.1_prot_WP_193621876.1_427,lcl|NZ_BBIY01000003.1_prot_WP_011161079.1_830
lcl|NZ_JACRYS010000005.1_prot_WP_193621875.1_426,lcl|NZ_BBIY01000003.1_prot_WP_042067561.1_831
lcl|NZ_JACRYS010000005.1_prot_WP_193621909.1_425,lcl|NZ_BBIY01000003.1_prot_WP_042067562.1_832
lcl|NZ_JACRYS010000006.1_prot_WP_193621935.1_515,lcl|NZ_BBIY01000003.1_prot_WP_172642326.1_833
lcl|NZ_JACRYS010000033.1_prot_WP_004994935.1_337,lcl|NZ_BBIY01000003.1_prot_WP_042067565.1_834
lcl|NZ_JACRYS010000006.1_prot_WP_193621933.1_513,lcl|NZ_BBIY01000003.1_prot_WP_042067567.1_835
lcl|NZ_JACRYS010000007.1_prot_WP_193621964.1_547,lcl|NZ_BBIY01000002.1_prot_838
lcl|NZ_JACRYS010000005.1_prot_WP_193621870.1_419,lcl|NZ_BBIY01000002.1_prot_WP_042067528.1_839
lcl|NZ_JACRYS010000005.1_prot_WP_193621908.1_418,lcl|NZ_BBIY01000002.1_prot_WP_011160463.1_840
lcl|NZ_JACRYS010000018.1_prot_WP_004995446.1_206,lcl|NZ_BBIY01000002.1_prot_WP_011160462.1_841
lcl|NZ_JACRYS010000043.1_prot_WP_193622141.1_397,lcl|NZ_BBIY01000002.1_prot_WP_041624647.1_842
lcl|NZ_JACRYS010000043.1_prot_WP_193622140.1_396,lcl|NZ_BBIY01000002.1_prot_WP_041624644.1_843
lcl|NZ_JACRYS010000003.1_prot_WP_193621813.1_298,lcl|NZ_BBIY01000002.1_prot_WP_011160458.1_845
lcl|NZ_JACRYS010000002.1_prot_WP_193621771.1_219,lcl|NZ_BBIY01000002.1_prot_WP_041624639.1_847
lcl|NZ_JACRYS010000003.1_prot_WP_193621812.1_297,lcl|NZ_BBIY01000002.1_prot_WP_011160456.1_848
lcl|NZ_JACRYS010000009.1_prot_WP_193622008.1_627,lcl|NZ_BBIY01000002.1_prot_WP_042067532.1_850
lcl|NZ_JACRYS010000014.1_prot_WP_193622072.1_184,lcl|NZ_BBIY01000001.1_prot_WP_042067506.1_856
lcl|NZ_JACRYS010000014.1_prot_WP_193622070.1_182,lcl|NZ_BBIY01000001.1_prot_WP_172642324.1_857
lcl|NZ_JACRYS010000007.1_prot_WP_193621959.1_560,lcl|NZ_BBIY01000001.1_prot_WP_011160472.1_860
lcl|NZ_JACRYS010000014.1_prot_WP_193622074.1_186,lcl|NZ_BBIY01000001.1_prot_WP_011160471.1_861
lcl|NZ_JACRYS010000027.1_prot_WP_004995295.1_282,lcl|NZ_BBIY01000001.1_prot_WP_081931899.1_862
lcl|NZ_JACRYS010000001.1_prot_WP_193621689.1_1,lcl|NZ_BBIY01000001.1_prot_WP_041624920.1_863
lcl|NZ_JACRYS010000001.1_prot_WP_193621690.1_2,lcl|NZ_BBIY01000001.1_prot_WP_042067512.1_864
lcl|NZ_JACRYS010000001.1_prot_WP_193621691.1_3,lcl|NZ_BBIY01000001.1_prot_WP_011160468.1_865
lcl|NZ_JACRYS010000001.1_prot_WP_193621692.1_4,lcl|NZ_BBIY01000001.1_prot_WP_042067514.1_866
